liuzhijia,刘志嘉
yexiwen,叶希文
yehaiyao,叶海瑶
zhoujianhe,周建和
cuizixiu,崔梓秀
zhangxiaohan,张晓寒
liyuanfeng,李元峰
lijinbin,李进斌
duchongli,杜崇礼
yangpeidong,杨沛冬
wangyuxia,王雨霞
baiwenbo,白文博
tanjianfei,谭建飞
heweiqing,贺维青
dengqingxu,邓清旭
jinyunhai,金允海
zhongyanyang,钟燕阳
luwenru,陆文茹
gaoyingya,高莹雅
longzhuoyan,龙卓妍
dingjunkai,丁俊凯
yuxuanming,余轩名
liushuzhou,刘书舟
liujiashi,刘嘉石
liuyiling,刘羿伶
xiangyipin,向奕频
ansifan,安思帆
liyufei,李雨菲
yangziling,杨紫霖
hengjingcan,衡锦灿
zhaoquanjun,赵荃君
dengyawen,邓雅文
zhaoshuxian,邵淑妍
qianweihai,钱维海
huofanyin,霍婉茵
hanmingxun,韩明轩
guzhihao,顾致豪