刘志嘉,liuzhijia
叶希文,yexiwen
叶海瑶,yehaiyao
周建和,zhoujianhe
崔梓秀,cuizixiu
张晓寒,zhangxiaohan
李元峰,liyuanfeng
李进斌,lijinbin
杜崇礼,duchongli
杨沛冬,yangpeidong
王雨霞,wangyuxia
白文博,baiwenbo
谭建飞,tanjianfei
贺维青,heweiqing
邓清旭,dengqingxu
金允海,jinyunhai
钟燕阳,zhongyanyang
陆文茹,luwenru
高莹雅,gaoyingya
龙卓妍,longzhuoyan
丁俊凯,dingjunkai
余轩名,yuxuanming
刘书舟,liushuzhou
刘嘉石,liujiashi
刘羿伶,liuyiling
向奕频,xiangyipin
安思帆,ansifan
李雨菲,liyufei
杨紫霖,yangziling
衡锦灿,hengjingcan
赵荃君,zhaoquanjun
邓雅文,dengyawen
邵淑妍,zhaoshuxian
钱维海,qianweihai
霍婉茵,huofanyin
韩明轩,hanmingxun
顾致豪,guzhihao